English,Japanese
Overview,
"The iOS & iPadOS 26 SDK provides support for developing apps for iPhone and iPad running iOS & iPadOS 26, and is included in Xcode 26.",iOS & iPadOS 26 SDK は iPhone と iPad で動作する iOS & iPadOS 26 に対応したアプリの開発をサポートし、Xcode 26 に同梱されている
General – New Features,
"Recovery Assistant helps you recover your device if it fails to start. If necessary, Recovery Assistant looks for problems on your Mac or other devices and provides solutions. (151856202)",リカバリーアシスタントはデバイスが起動しない場合に復旧を支援する。必要に応じて Mac や他のデバイスの問題を検出し、解決策を提示する
General – Resolved Issues,
"After updating to iOS 26 beta 1, iPhone 15 or iPhone 16 models might show a low battery symbol indicating that your device needs to be connected to power. If you inadvertently started the update with the device battery level below 50 percent, allow the update to complete before connecting to power. If the update stops or fails, remove the device from the computer, connect the device to power, then connect the device to a Mac and restore using Finder or to a Windows PC and restore using Apple Devices. (153071880)",iOS 26 beta 1 に更新後、iPhone 15 または iPhone 16 の画面に低バッテリーのシンボルが表示されることがある。バッテリー残量が 50% 未満で更新を始めた場合は、まず更新を完了させ、停止したり失敗した場合はデバイスを Mac または Windows PC につないで Finder または Apple Devices で復元する
AdAttributionKit – New Features,
Specify the attribution windows for multiple ad types in your Info.plist file. (136554905),Info.plist ファイルで複数の広告タイプのアトリビューションウィンドウを指定できる
Define a cooldown period before you receive app-sourced conversions for App Store ads. (136728405),App Store 広告のアプリ側コンバージョンを受け取る前にクールダウン期間を設定できる
Include the country code in your postback when conversion values meet threshold. (136850837),コンバージョン値が閾値に達した場合、ポストバックに国コードを含めるようになった
AirPlay – Known Issues,
AutoMix positions might not work while streaming. (155925891),ストリーミング中に AutoMix の位置調整が機能しない場合がある
Alternate App Distribution – Known Issues,
In-development web browsers cannot install web-distributed apps on non-eligible devices. (152209203),開発中のウェブブラウザは、対象外のデバイスに web 配布アプリをインストールできない
App Store – New Features,
There is a new Accessibility section highlighting accessibility features on App Store pages. (138344118),App Store ページにアクセシビリティ機能を紹介する新しいアクセシビリティセクションが追加された
AppIntents – Resolved Issues,
Fixed: Compile error referencing @AppIntent(schema:.visualIntelligence .semanticContentSearch) because this property is now @AppIntentsSchemaMember. (152321182),AppIntentsSchemaMember に変更されたことで @AppIntent(schema:.visualIntelligence .semanticContentSearch) を参照していた際のコンパイルエラーを修正した
Apple Intelligence – New Features,
You can directly access the on-device large language model using the Foundation Models framework. (139996377),Foundation Models フレームワークを使ってオンデバイスの大規模言語モデルに直接アクセスできるようになった
Apple TV App – Resolved Issues,
Improved readability of content cards in the Apple TV app. (149376362),Apple TV アプリのコンテンツカードの読みやすさを改善した
Settings no longer duplicate or disappear in the Apple TV app. (152248009),Apple TV アプリの設定で項目が重複したり消えたりする問題を解消した
The “Key Plays” tab in the Apple TV app no longer displays incorrect content. (152516659),“Key Plays” タブで間違ったコンテンツが表示される問題を修正した
Apps – Resolved Issues,
"On iPhone 17, apps organized in folders might only show the leftmost column after opening a folder. (156252626)",iPhone 17 でフォルダを開くとフォルダ内のアプリが左端の列だけ表示されることがある問題を修正した
ARKit – Resolved Issues,
Using ARBodyTrackingConfiguration could cause a crash on certain devices. (152417820),特定のデバイスで ARBodyTrackingConfiguration を使用するとクラッシュする可能性があった問題を修正した
AssistantSchemas – Resolved Issues,
"Fixed a compile error due to a parameter type change for email AssistantSchemas functions createDraft, updateDraft, and sendDraft. (148633307)",email AssistantSchemas の createDraft、updateDraft、sendDraft の引数型変更により発生したコンパイルエラーを修正した
AuthenticationServices – New Features,
ASAuthorizationControllerRequestOptions.preferImmediatelyAvailableCredentials now works for passkey registration requests. (150658929),ASAuthorizationControllerRequestOptions.preferImmediatelyAvailableCredentials がパスキー登録のリクエストで機能するようになった
AVFoundation – Resolved Issues,
AVPlayerLayer did not always display a valid video frame during item replacement due to misbehavior of the isReadyForDisplay property. (151902458),AVPlayerLayer の isReadyForDisplay プロパティの不具合により、アイテムの差し替え時に有効なビデオフレームが常に表示されない問題を修正した
Background Assets – Resolved Issues,
Resolved an issue where asset pack updates occurred more frequently than needed. (143281558),アセットパックの更新が必要以上に頻繁に行われる問題を解決した
Fixed downloads failing or stalling when downloading asset packs from background assets. (151499602),Background Assets でアセットパックをダウンロードすると失敗または停止する問題を修正した
Missing status updates during asset installation are now provided. (151967839),アセットインストール中のステータス更新が欠落する問題を修正した
Fixed downloads stalling when a user pauses and resumes the installation of a large asset pack. (151292388),大きなアセットパックのインストールを一時停止して再開するとダウンロードが止まる問題を修正した
Large asset pack installation no longer fails after reinstalling the app. (153128086),アプリを再インストールした後、大きなアセットパックのインストールが失敗する問題を修正した
"When overriding a server URL using External Accessory firmware download flows, the port number is no longer ignored. (156113742)",External Accessory のファームウェアダウンロードでサーバー URL を上書きする際、ポート番号が無視されなくなった
Bluetooth – Resolved Issues,
Non-Connectivity Car Consortium digital car key pairings may fail. (154703309),非コネクティビティ方式のデジタルカーキーのペアリングが失敗する場合がある
Books – Resolved Issues,
Highlight menu color palette in EPUB is black and white. (152321612),EPUB のハイライトメニューのカラーパレットが白黒になる問題を修正した
Camera – Resolved Issues,
Mode selection picker remains expanded after launch. (154589210),カメラアプリ起動後に撮影モード選択ピッカーが開いたままになる問題を修正した
Camera – Known Issues,
Sharing a photo immediately after capture takes longer than expected. (154875558),写真を撮影後すぐに共有すると通常より時間がかかる
CarPlay – Resolved Issues,
CarPlay template apps using the Now Playing screen may not load artwork. (151807323),Now Playing 画面を使用する CarPlay テンプレートアプリがアートワークを読み込まないことがある問題を修正した
Cellular Data Usage – Known Issues,
Dual SIM iPhones may not update data usage after switching default line. (152608995),デュアル SIM の iPhone でデフォルト回線を切り替えるとデータ使用量が更新されない場合がある
Workaround: Restart the device.,対処方法はデバイスを再起動する
CloudKit – Resolved Issues,
CloudKit sharing URLs do not launch third-party apps. (151778655),CloudKit 共有 URL がサードパーティアプリを起動しない問題を修正した
CKShareRequestAccessOperation is now functional. (151878020),CKShareRequestAccessOperation の機能が回復した
Communication Safety – Known Issues,
FaceTime may hang when triggered to show an intervention. (151729870),FaceTime で介入を表示しようとするとフリーズする場合がある
Workaround: Reboot the device.,対処方法はデバイスを再起動する
Contacts – Known Issues,
Monogram Avatars in some non-English languages show unexpected symbols. (154824077),非英語の言語環境でモノグラムアバターが予期しない記号で表示されることがある
CoreData – Resolved Issues,
Sendable annotations and concurrency guidelines updated; asynchronous functions now sendable; concurrency guidelines emphasise using NSManagedObject instances only on the queue or managed object context they were created; concurrency across processes no longer recommended. (153848710) (FB18216198),Sendable アノテーションと並行性ガイドラインが更新され、非同期関数が Sendable になり、NSManagedObject インスタンスを生成したキューやコンテキストでのみ使用すること、プロセス間の並行性は推奨されないことが明記された
CoreData – Deprecations,
"Removed support for NSPersistentStore option keys such as NSManagedObjectModelMergerPolicyErrorOption, NSPersistentHistoryScheduleRegularCheckOption and others. (157297746) (FB19286235)",NSPersistentStore オプションキー NSManagedObjectModelMergerPolicyErrorOption、NSPersistentHistoryScheduleRegularCheckOption などのサポートが削除された
DeclaredAgeRange API – Known Issues,
requestAgeRange triggers onboarding flow then doesn’t respond with actual state. (152187255),requestAgeRange API がオンボーディングフローを開始した後、実際の状態を返さない
The API might incorrectly return notAvailable for gameTime. (152194790),gameTime に対して API が不正に notAvailable を返す場合がある
"On macOS, the Ask First state does not prompt the user to share the requested value. (152327536)",macOS において Ask First 状態でユーザーに共有を促すプロンプトが表示されない
Documents – Known Issues,
EPUB files may be shown with app icon rather than document icon. (154800649),EPUB ファイルがドキュメントのアイコンではなくアプリのアイコンで表示される場合がある
Find My App – Resolved Issues,
Play Sound fails when invoked from Share Item Location links. (152029301),共有アイテムの位置リンクからサウンド再生を呼び出すと失敗する問題を修正した
Foundation – New Features,
Interpolating non-localized types into localized strings now shows a deprecation warning. (126867158),非ローカライズ型をローカライズ済み文字列に挿入すると非推奨警告が表示されるようになった
ISO8601FormatStyle now supports fractional seconds and hours-only timezone offsets. (136950769),ISO8601FormatStyle で小数秒や時間のみのタイムゾーンオフセットをサポートした
Foundation – Resolved Issues,
Functions initializing a string from a C-string pointer do not validate the encoding. (143756086) (FB16417968),C 文字列ポインタから文字列を初期化する関数がエンコーディングを検証しなかった問題を修正した
Foundation Models – New Features,
"You can prewarm caches when hosting your own foundation models using LMEmbedding or LLM, to improve performance. (152381043)",LMEmbedding や LLM を使ってファウンデーションモデルを自前でホスティングする際にキャッシュを事前ウォームアップしてパフォーマンスを向上できる
#Playground supports a built-in feedback mechanism for debugging LLM prompts. (157031707),#Playground に LLM プロンプトのデバッグ用フィードバック機構が追加された
.contentTagging options now support non-English languages. (15601948),.contentTagging オプションが非英語言語に対応した
Guided generation now identifies when the model failed due to a refusal and includes the relevant error. (156086748),ガイド付き生成でモデルが拒否により失敗した場合、そのエラーを特定して返すようになった
LanguageModelRequest has a property isComplete to indicate when a response is complete. (156109416),LanguageModelRequest に応答が完了したかを示す isComplete プロパティが追加された
"LanguageModel.LLMResponse now has a rawContent property giving the full string the model generated, not including watermarks. (156351123)",LanguageModel.LLMResponse に生成文字列全体を含む rawContent プロパティが追加され、水印は含まれない
Guardrails now support .permissiveContentTransformations mode. (156721060),ガードレールに permissiveContentTransformations モードが追加された
Foundation Models – Resolved Issues,
Fixed: The schema argument of LanguageModelSession.generate(code:tools:) was not respected. (151926006),LanguageModelSession.generate の schema 引数が尊重されない問題を修正した
Fixed: Custom Generable types named Number or Boolean cannot be used. (152280144),Number または Boolean という名前のカスタム Generable 型が使用できない問題を修正した
Fixed: Tool calling fails when the first parameter is of a primitive type. (152318534),最初のパラメータがプリミティブ型の場合にツール呼び出しが失敗する問題を修正した
Fixed: Rate limit errors appear unexpectedly when using Chat Playground. (152325506),Chat Playground で予期しないレート制限エラーが発生する問題を修正した
Foundation Models – Known Issues,
Instructions/prompts might not lead to expected responses; log feedback using LanguageModelSession.logFeedbackAttachment(). (152318091),指示やプロンプトが期待した応答を生成しない場合がある。LanguageModelSession.logFeedbackAttachment() を使ってフィードバックを送信することが推奨される
Enumeration with @Generable type may cause ToolCall error; workaround: wrap the enumeration in a struct. (156723065),Generable 属性を持つ列挙型を使うと ToolCall エラーが発生する場合がある。回避策として列挙型を構造体にラップする
Game Center – Known Issues,
Users cannot start a Challenge for a leaderboard that has not been published live. (159282236),公開前のリーダーボードではチャレンジを開始できない
Game Controller – New Features,
Pressing the Home button opens Game Overlay; players can quickly launch supported games; you can toggle overlay using the controller or via Bluetooth or Siri. (137780853),Home ボタンを押すとゲームオーバーレイが開き、プレーヤーがサポートされているゲームを素早く起動でき、ボタンや Bluetooth 設定、Siri でオーバーレイを切り替えられる
You can pair multiple Apple devices with DualSense controllers and switch between them via the controller or Bluetooth settings. (137782227),DualSense コントローラに複数の Apple デバイスをペアリングし、コントローラや Bluetooth 設定から切り替えることができる
Game Mode – Resolved Issues,
Fixed: LSUpportsGameMode Info.plist key is ignored. (151814151),Info.plist の LSUpportsGameMode キーが無視される問題を修正した
HealthKit – New Features,
HealthKit provides APIs for reading user medication and dose events. (11429712),HealthKit にユーザーの服薬と投薬イベントを取得する API が追加された
Workout session APIs are available on iOS and iPadOS. (125231390),Workout セッション API が iOS と iPadOS で利用可能になった
HealthKit – Resolved Issues,
Read-only data types may lose read ability. (149024236),読み取り専用データ型の値が読み取れなくなることがある問題を修正した
Health authorization screen cannot be dismissed. (152094574),ヘルスの権限付与画面が閉じられない問題を修正した
Health data becomes inaccessible after removing a passcode. (155576088),パスコードを解除するとヘルスデータにアクセスできなくなる問題を修正した
Image Playground – Resolved Issues,
The Create Image action fails to appear in Shortcuts and Spotlight. (153235442),Create Image アクションがショートカットや Spotlight に表示されない問題を修正した
iPad Multitasking – Resolved Issues,
The multitasking mode picker is missing from Control Center on some iPads. (152457491),一部の iPad でコントロールセンターにマルチタスクモードピッカーが表示されない問題を修正した
iPad Multitasking – Known Issues,
Apps launching on external display default to stage size rather than full screen. (143158703),外部ディスプレイでアプリを起動するとステージサイズがデフォルトになり全画面にならない
Swipe-to-dismiss gestures do not work to exit an app. (151293681),スワイプジェスチャーでアプリを終了できない
Journaling Suggestions – New Features,
iCloud sync across devices is supported. (152322897),ジャーナリングの提案が iCloud 経由でデバイス間同期に対応した
Smart notifications provide suggestions. (152469176),スマート通知で提案が提供される
New grouping features help manage suggestions. (152469363),新しいグループ化機能で提案を管理しやすくなった
Journaling Suggestions – Resolved Issues,
Suggestions might not download. (151995727),提案がダウンロードされない場合がある問題を修正した
Journaling Suggestions – Known Issues,
"After deleting iCloud storage content, the storage might reappear. (152102605)",iCloud ストレージのコンテンツを削除した後にストレージが復活する場合がある
Kernel – Deprecations,
sem_open/sem_unlink calls from processes signed with a Team ID are now scoped to the single team. (123476459),Team ID で署名されたプロセスの sem_open / sem_unlink 呼び出しは同じチーム内にスコープされるようになった
Keyboards – Resolved Issues,
Missing keys in first-party apps. (152375527),純正アプリでキーボードのキーが欠けている問題を修正した
Korean 10-key keyboards are missing keys. (154156257),韓国語 10 キーキーボードでキーが欠けている問題を修正した
Japanese and Chinese 10-key keyboards return key becomes unresponsive after rotation. (154163977),日本語と中国語の 10 キーキーボードで画面回転後に return キーが反応しなくなる問題を修正した
Keyboards – Known Issues,
UI elements misalign in landscape mode. (152365383),横向きモードで UI 要素がずれる問題
Lock Screen – Resolved Issues,
Fixed: Glass tint color accessibility is improved. (151240707),ガラスの色調のアクセシビリティを改善した
Fixed: Overlapping time and widget area. (151418602),時刻とウィジェットエリアが重なる問題を修正した
Fixed: Unable to place widgets after customizing wallpaper. (151709613),壁紙をカスタマイズした後にウィジェットを配置できない問題を修正した
Fixed: Adaptive clock loses depth. (153005914),アダプティブ時計の奥行き効果が失われる問題を修正した
Fixed: Time appears black on certain wallpapers. (154773881),特定の壁紙で時刻が黒く表示される問題を修正した
Lock Screen – Known Issues,
Launching camera from Lock Screen while an app runs may hang the UI. (151153912),アプリが実行中にロック画面からカメラを起動すると UI が停止する場合がある
Lock screen controls may be invisible until the device is locked/unlocked. (151324807),デバイスをロック／ロック解除するまでロック画面のコントロールが表示されないことがある
Notifications may not be displayed. (152192129),通知が表示されない場合がある
Mail – Resolved Issues,
Dark Mode issue with controls. (156225857),ダークモードでコントロールの表示に関する問題を修正した
Mail – Known Issues,
Blank column in search field on iPad. (149789435),iPad の検索フィールドに空白の列が表示される
Select button missing when editing. (151313732),編集時に「選択」ボタンが表示されない
Maps – Known Issues,
Pinned places missing icons. (147236981),ピン留めした場所のアイコンが欠落する
Curated guides are not scrollable in landscape orientation. (152123745),ランドスケープ時にキュレーションガイドがスクロールできない
CarPlay vehicles cannot start navigation. (152272727),CarPlay 車両でナビを開始できない
Custom tap gestures not working. (157612948) (FB19394663),カスタムタップジェスチャーが機能しない
Memory Tools – Known Issues,
Leaks might be falsely reported when bridging @objc property types. (157798911),@objc 属性のプロパティ型のブリッジ時にリークが誤検出されることがある
Menu Bar – Resolved Issues,
Gesture to invoke menu bar fails in right-to-left text layouts. (152447825),右から左へのテキストレイアウトでメニューバーを呼び出すジェスチャーが機能しない
Menu Customization – Known Issues,
Visual glitches occur in menu customization in Notes and Mail. (148472167),メニューのカスタマイズ機能で Notes や Mail に視覚的なグリッチが発生する
Messages – Resolved Issues,
Message translation fails when only one participant has translation enabled. (157779997),翻訳が有効な参加者が一人だけの場合、メッセージの翻訳が失敗する問題を修正した
Polls compatibility with older OS versions improved. (148545742),古い OS バージョンとの投票の互換性を改善した
Conversation details collapsed unexpectedly. (149436051),会話の詳細が予期せず折りたたまれる問題を修正した
Spam report not sent. (150832702),迷惑メール報告が送信されない問題を修正した
Screen Unknown Senders setting issues. (150850651),不明な送信者の表示設定に関する問題を修正した
Metal – New Features,
Supports Metal 4. (113781091),Metal 4 に対応した
Metal – Resolved Issues,
MetalFX denoised temporal upscaling did not work. (146436460),MetalFX の denoised temporal upscaling が機能しなかった問題を修正した
Temporal upscaling did not work. (146436741),Temporal upscaling が機能しなかった問題を修正した
MetricKit – Resolved Issues,
MXDiskSpaceUsageMetrics may fail to report disk usage. (151712405),MXDiskSpaceUsageMetrics がディスク使用量を報告しない場合がある問題を修正した
NetworkExtension – Deprecations,
Removed support for certain algorithms and Diffie-Hellman groups. (148767790),特定のアルゴリズムと Diffie-Hellman グループのサポートが削除された
Notifications – Known Issues,
Notification icons might not follow the system appearance. (152191515),通知アイコンがシステムの外観に従わない場合がある
NSLog – New Features,
Dynamic string data in format arguments for NSLog are redacted to <private> in the unified logging system. (137129180),NSLog の書式引数に含まれる動的な文字列データが統合ログシステムで <private> とマスクされるようになった
Object Capture – New Features,
Photogrammetry Session improvements for low-texture objects; algorithm downloaded in background. (145220451),低テクスチャオブジェクトに対するフォトグラメトリセッションの性能が向上し、アルゴリズムはバックグラウンドでダウンロードされるようになった
Order Tracking – New Features,
Wallet can track order emails. (152090735),ウォレットが注文メールを追跡できるようになった
Order Tracking – Known Issues,
Spinner issue when clicking Track button; the spinner keeps spinning. (152329153),追跡ボタンをクリックするとスピナーが止まらない問題がある
Passcode – Resolved Issues,
Alphanumeric passcode entry glitch fixed. (156070293),英数字のパスコード入力で起こる不具合を修正した
Phone – Known Issues,
Dual swap buttons appear on iPhone without Dynamic Island. (152258825),Dynamic Island を搭載していない iPhone で交換ボタンが二重に表示される
Photos – Known Issues,
Social groups disappear when creating a new group. (152248678),新しいグループを作成すると既存のソーシャルグループが消えることがある
Photos/Photos Picker – Known Issues,
Search invocation causes crash. (152403781),検索を起動するとクラッシュする
Push to Talk – Deprecations,
Legacy entitlement no longer supported; must use Push to Talk framework from iOS 16. (1477000313),従来の権限はサポートされなくなり、iOS 16 以降の Push to Talk フレームワークを使用する必要がある
Reality Composer – Resolved Issues,
Screen freezes and shakes after entering AR mode on LiDAR devices. (152323431),LiDAR 搭載デバイスで AR モードに入ると画面が固まって揺れる問題を修正した
RealityKit – Resolved Issues,
Entities with PortalComponent ignore ModelSortGroup; fix using ModelSortGroupComponent. (149899345),PortalComponent を持つエンティティが ModelSortGroup を無視する問題を修正した
ParticleEmitterComponent not rendering. (152220150),ParticleEmitterComponent がレンダリングされない問題を修正した
Animate functions not starting animations. (1524056435),animate 関数がアニメーションを開始しない問題を修正した
RealityKit – Known Issues,
Some properties and components not updating SwiftUI views through .observable property. (147063698),一部のプロパティやコンポーネントが .observable 経由で SwiftUI のビューを更新しないことがある
Search – Resolved Issues,
Some apps quit unexpectedly when using search. (157464670),検索を使用すると一部のアプリが予期せず終了する問題を修正した
Security – Deprecations,
Minimum TLS version changed to 1.2 for URLSession and Network frameworks; previous TLS 1.0 and 1.1 removed. Use URLSessionConfiguration.tlsMinimumSupportedProtocolVersion to restore behavior if necessary. (1359996267),URLSession と Network フレームワークの最小 TLS バージョンが 1.2 に変更され、TLS 1.0 と 1.1 のサポートが廃止された。必要であれば URLSessionConfiguration.tlsMinimumSupportedProtocolVersion で旧動作に戻す
Setup Assistant – Known Issues,
The cursive Welcome screen text might be missing at the end of Setup Assistant. (152601626),Setup Assistant の終了時に筆記体の歓迎テキストが表示されないことがある
Workaround: Swipe up or tap Get Started to complete setup.,完了するには上にスワイプするか Get Started をタップする
Shortcuts – Resolved Issues,
Fixed: Titles for some Messages actions and filter properties display incorrectly. (153740390),一部のメッセージアクションやフィルタプロパティのタイトル表示が正しくない不具合を修正した
Simulator – Resolved Issues,
"Fixed: Siri does not accept voice input, making it unusable. (152738556)",Siri が音声入力を受け付けず使用できない問題を修正した
Fixed: Messages app crashes when launched. (153672262),Messages アプリが起動時にクラッシュする問題を修正した
Fixed: Preview app crashes whenever it is launched. (155906732),Preview アプリが起動すると毎回クラッシュする問題を修正した
Siri – Resolved Issues,
Fixed: Knowledge requests handled by ChatGPT might produce results based on stale data. (154889929),ChatGPT が処理する知識のリクエストが古いデータに基づいた結果を返す問題を修正した
Software Update – New Features,
"Depending on the amount of free space available, iOS might dynamically reserve update space for Automatic Updates to download and install successfully. (137003545)",利用可能な空き容量に応じて、iOS が自動アップデートのダウンロードとインストールのために必要な容量を動的に確保する
Software Update – Resolved Issues,
Fixed: Software Updates might reserve more space than necessary. (151413019),ソフトウェアアップデートが必要以上の容量を確保する問題を修正した
StoreKit – New Features,
There is a new option for the Transaction.Offer.PaymentMode API called oneTime. This new case supports the method of payment for In-App Purchase offer codes. (142501142),Transaction.Offer.PaymentMode API に oneTime という新しいオプションが追加され、アプリ内購入のオファーコード用の支払い方法をサポートする
Subscription promotional offers can now be signed using JWS and attached to a purchase using the new PurchaseOption.promotionalOffer(_:compactJWS:) API. There are corresponding SwiftUI APIs in StoreKit to attach a signed promotional offer or a signed introductory offer override to a view. (143395736),サブスクリプションのプロモーションオファーを JWS で署名し、新しい PurchaseOption.promotionalOffer(_:compactJWS:) API を使用して購入に添付できるようになった。StoreKit には署名されたプロモーションオファーや署名された導入オファーをビューに添付するための SwiftUI API も追加された
SubscriptionOfferView is a new SwiftUI view to merchandise auto-renewable subscriptions. It is designed to capture customers’ attention about the app’s service. (145251635),SubscriptionOfferView は自動更新サブスクリプションをマーケティングするための新しい SwiftUI ビューで、アプリのサービスに対する顧客の注目を集めるように設計されている
StoreKit – Resolved Issues,
Fixed: Subscription status updates might not be reported correctly if the subscription went into billing retry in StoreKit Testing in Xcode. (133799135) (FB14789854),Xcode の StoreKit テストでサブスクリプションが請求再試行状態に入った場合、サブスクリプションのステータス更新が正しく報告されない問題を修正した
Fixed: Price of offers is not displayed in the payment sheet when making a purchase to a subscription with a higher level of service in StoreKit Testing in Xcode. (140635780) (FB15980663),Xcode の StoreKit テストでサービスレベルの高いサブスクリプションを購入する際に支払いシートにオファー価格が表示されない問題を修正した
Fixed: Renewal transactions might be created regardless of the Ask to Buy status of the purchase request in StoreKit Testing in Xcode. (145242611),Xcode の StoreKit テストで購入リクエストの Ask to Buy の状態に関係なく更新トランザクションが作成される問題を修正した
Resolved an issue with the Identifiable conformance of the PurchaseIntent API. Conformance on this protocol now begins starting with iOS 18.0 and macOS 15.0. (148751460),PurchaseIntent API の Identifiable 準拠に関する問題を解決し、このプロトコルの準拠は iOS 18.0 と macOS 15.0 から開始される
Fixed: SKProduct from the original StoreKit API fails to decode products when using StoreKit Testing in Xcode. (150851879),古い StoreKit API の SKProduct が Xcode の StoreKit テストで製品をデコードできない問題を修正した
"Resolved an issue where the id member of the PurchaseIntent API was only available starting with iOS 18.0 and macOS 15.0, and no longer available for Mac Catalyst. It is now available starting with iOS 16.4, macOS 14.4, and Mac Catalyst 16.4. (1528582821) (FB17829716)",PurchaseIntent API の id メンバーが iOS 18.0 と macOS 15.0 以降でしか利用できず Mac Catalyst で利用できなかった問題を解決し、iOS 16.4・macOS 14.4・Mac Catalyst 16.4 から利用可能になった
"Fixed: Transactions might not finish, resulting in subsequent purchases of the same product failing. (1535449267)",トランザクションが完了せず、同じ製品の後続の購入が失敗する問題を修正した
Swift Charts – New Features,
"Available in iOS 26, macOS 26, and visionOS 26, Chart3D allows you to visualize your data and mathematical surfaces in 3D, powered by RealityKit. (148361385)",iOS 26、macOS 26、visionOS 26 で利用可能な Chart3D は、RealityKit を利用してデータや数学的曲面を 3D で可視化できる
Swift Charts – Resolved Issues,
Fixed: Annotations on a scrollable chart might be clipped. (109164195),スクロール可能なチャートの注釈が切り取られることがある問題を修正した
Swift Compiler – Resolved Issues,
Fixed: The Swift compiler might crash when building a project that initializes a UISymbolContentTransition. (150858005),UISymbolContentTransition を初期化するプロジェクトをビルドすると Swift コンパイラがクラッシュすることがある問題を修正した
Swift Standard Library – Resolved Issues,
Fixed: The span properties of InlineArray and CollectionOfOne trap at runtime. (147500528),InlineArray と CollectionOfOne の span プロパティが実行時にクラッシュする問題を修正した
Fixed: mutating members of MutableSpan and MutableRawSpan are unavailable. (152467655),MutableSpan と MutableRawSpan のミューテーションメソッドが利用できない問題を修正した
Swift Standard Library – Known Issues,
"lengthOfBytes(using: .utf16) and -lengthOfBytesUsingEncoding: NSUTF16StringEncoding/NSUnicodeStringEncoding might produce an incorrect result when used on Swift Strings, including NSStrings formed by bridging Swift Strings to Objective-C. (1566675395)",.utf16 または NSUTF16StringEncoding/NSUnicodeStringEncoding を使用した lengthOfBytes の結果が Swift 文字列や Objective-C にブリッジした NSString で不正確になる場合がある
SwiftUI – New Features,
"ControlSize.large now conforms to Comparable, and View/controlSize(_:) can now be used to clamp the environment’s controlSize to a given range. (99633360)",ControlSize.large は Comparable に準拠し、View/controlSize(_:) で環境の controlSize を指定した範囲に制限できるようになった
"In apps built with the macOS 26 SDK, Section footers within a Form of the Grouped FormStyle now have leading alignment, default font, and foreground styles. Use the sectionActions(content:) view modifier on your Section to supply section actions, which maintain a trailing placement in macOS. In iOS and iPadOS, each section action displays its own form row. (129868475)",macOS 26 SDK でビルドしたアプリでは、Grouped FormStyle のフォーム内にある Section のフッターが左寄せ、デフォルトフォント、前景スタイルを持つようになり、sectionActions(content:) ビュー修飾子でセクションアクションを指定すると macOS では右寄せに、iOS/iPadOS では各アクションが独立した行として表示される
"Text, TextEditor, and TextField now use string contents to determine the base writing direction for each paragraph by default. To specify the writing direction per paragraph, use AttributedString.writingDirection. To make the base writing direction for an entire view, apply .writingDirection(strategy: .layoutBased). (134821288)",Text、TextEditor、TextField はデフォルトで各段落の文字内容から基本の書字方向を決定するようになった。段落ごとに明示するには AttributedString.writingDirection 属性を、ビュー全体に指定するには .writingDirection(strategy: .layoutBased) 修飾子を使用する
Picker views styled like NSPicker in the macOS 26 and iOS 26 SDKs now have a fitted sizing behavior by default; use buttonSizing(_:) to make the Picker flexible and fill the available width. (136649748),macOS 26・iOS 26 で NSPicker 風にスタイル付けされた Picker はデフォルトでフィットサイズの挙動になり、buttonSizing(_:) を指定すると利用可能な幅いっぱいに柔軟に広がる
List no longer ignores the vertical insets of rows with a height close to the default minimum height; use listRowInsets(_:_:) to change vertical row insets. (141160852),List で高さがデフォルトの最小値に近い行の垂直余白が無視されなくなり、listRowInsets(_:_:) で垂直余白を変更できる
"In NavigationSplitView and TabViews configured as sidebarAdaptable, the view trailing the sidebar’s safe area is inset within the width of the sidebar and can display content outside its safe area, underneath the sidebar. (141222137)",sidebarAdaptable に設定された NavigationSplitView と TabViews では、サイドバーの安全エリアの後ろにあるビューがその幅の内側にインセットされ、サイドバーの下に安全エリア外のコンテンツを表示できる
"On macOS, after linking new SDKs, the style of search fields with SearchFieldPlacement.sidebar is now fixed to the toolbar rather than scrolling as the first element in the list. (143564967)",macOS で新しい SDK をリンクした後、SearchFieldPlacement.sidebar スタイルの検索フィールドがツールバーに固定され、以前のようにリストの先頭項目としてスクロールしなくなった
"In iOS and iPadOS adopting the new design, pickers with .segmented style now support .large and .extraLarge control sizes. (144417732)",新デザインを採用した iOS/iPadOS では、.segmented スタイルの Picker が .large と .extraLarge のコントロールサイズに対応した
"In apps adopting the new design, the buttonBorderShape(_:) view modifier can customize the shape of bordered buttons; previously this modifier only affected buttons in macOS. (145773436)",新デザインを採用したアプリでは buttonBorderShape(_:) 修飾子で縁付きボタンの形状をカスタマイズでき、以前は macOS のボタンのみ対象だった
"The buttonSizing(_:) view modifier specifies the sizing behavior of Button, Picker, Menu, and other button-producing controls. If you are using Spacer views or an infinite-width frame within your button label to create a flexible button, apply buttonSizing(.flexible) to the Button instead. (146327046)",buttonSizing(_:) 修飾子が Button、Picker、Menu などのサイズ挙動を指定し、ボタンラベル内で Spacer や無限幅フレームを使用して柔軟なボタンを作っている場合は buttonSizing(.flexible) を適用する必要がある
"On iPadOS, sidebars and inspector titles now default to inline in the regular size class; use navigationTitleDisplayMode(_:) to specify a different title display mode. (150896128)",iPadOS ではレギュラーサイズクラスでサイドバーやインスペクタのタイトルがデフォルトでインライン表示となり、navigationTitleDisplayMode(_:) で異なる表示モードを指定できる
"On iPadOS, navigation link chevrons are not visible by default in the content column of NavigationSplitViews in the regular size class; use navigationLinkIndicatorVisibility(_:) to specify a different indicator visibility. (151646790)",iPadOS のレギュラーサイズクラスにおいて NavigationSplitView のコンテンツ列でナビゲーションリンクの矢印がデフォルトで表示されず、navigationLinkIndicatorVisibility(_:) を使って表示状態を指定できる
SwiftUI – Resolved Issues,
Fixed: TextEditor’s undo stack might contain invalid operations for applications with multiple TextEditor views. (83650197) (FB9662463),複数の TextEditor を持つアプリで TextEditor のアンドゥスタックに無効な操作が含まれることがある問題を修正した
Fixed: The menu content of some Menu views does not update as the result of a state change. (106867837),一部の Menu ビューの内容が状態変化に応じて更新されない問題を修正した
Fixed: View.onHover(perform:) and View.onContinuousHover(coordinateSpace:perform:) affect hit-testing for gestures. Gestures are not received if one of these view modifiers is used within an overlay. (108560200),View.onHover(perform:) と View.onContinuousHover(coordinateSpace:perform:) がジェスチャーのヒットテストに影響し、オーバーレイ内で使用するとジェスチャーが認識されない問題を修正した
Fixed: Section views without isExpanded binding are collapsible in a sidebar-styled List on macOS. (115977465) (FB13192271),macOS のサイドバースタイルの List で isExpanded バインディングのないセクションが折りたたみ可能になる問題を修正した
Fixed: listSectionSpacing does not work correctly for sections that have headers and footers. (140929163),ヘッダーとフッターを持つセクションで listSectionSpacing が正しく機能しない問題を修正した
"Fixed: On iOS, navigationSplitViewColumnWidth() does not respect the specified minimum and maximum column widths. (143529326)",iOS で navigationSplitViewColumnWidth() が指定した最小・最大列幅を尊重しない問題を修正した
Fixed: Multiple title views in sidebar list labels on iOS are not styled hierarchically as title and subtitle. (1443623754),iOS のサイドバーリストラベルでタイトルビューが階層的なタイトルとサブタイトルとしてスタイル設定されない問題を修正した
"Fixed: In custom layouts that do not implement explicitAlignment(of:in:proposal:subviews:cache:), alignment guides do not work correctly for a right-to-left layout direction. (145073832)",explicitAlignment を実装していないカスタムレイアウトで右から左へのレイアウト方向に対してアラインメントガイドが正しく機能しない問題を修正した
Fixed: Applying a bold modifier to Text resets the weight configuration; the combination of font and weight is inconsistent between Text and Font. (147270079),Text に bold 修飾子を適用するとウェイト設定がリセットされ、Text と Font の組み合わせが一貫しなくなる問題を修正した
Fixed: Environment updates from outside of a popover might fail to propagate into the popover’s content view. (147954025),ポップオーバーの外部からの環境更新がポップオーバーのコンテンツビューに伝播しない場合がある問題を修正した
Fixed: Gestures added using the simultaneousGesture(:isEnabled:) view modifier are incorrectly simultaneous with ancestor gestures. (147970990),simultaneousGesture(:isEnabled:) で追加したジェスチャーが祖先のジェスチャーと同時に扱われてしまう問題を修正した
Fixed: Non-edge-attached sheets present erroneously as full-screen covers when .navigationTransition(.zoom...) is specified; configure sheet to keep full-screen cover in compact size classes using view modifier. (150455117),.navigationTransition(.zoom...) を指定するとエッジ非付属シートが誤ってフルスクリーンカバーとして表示される問題を修正し、シートにコンパクトサイズクラスでの表示方法を指定することで回避できる
"Fixed: On iOS and iPadOS, sheets applied to toolbar items sometimes do not display if the sheet is presented at the same time a popover is dismissed. (150764801)",ツールバーアイテムに適用したシートがポップオーバーを閉じるのと同時に表示されない場合がある問題を修正した
"Fixed: On iOS and iPadOS, toolbar items in the navigation bar may become non-centered after a state change. (152168945)",ナビゲーションバー内のツールバーアイテムが状態変更後に中心からずれる問題を修正した
"Fixed: If Default Actor Isolation is set to MainActor, @Animatable macro emits language warnings in Swift 5 mode and does not compile in Swift 6 mode. (152524435)",Default Actor Isolation が MainActor に設定されていると @Animatable マクロが Swift 5 言語モードで警告を出し、Swift 6 ではコンパイルに失敗する問題を修正した
"Fixed: On iOS and iPadOS, .fullScreenCover backgrounds are transparent when they should be opaque. (154232371)",iOS と iPadOS で .fullScreenCover の背景が透明になってしまう問題を修正した
Fixed: Use highPriorityGesture(_:isEnabled:) or simultaneousGesture(_:isEnabled:) to ensure gesture priority relative to existing gestures. (155581361),既存のジェスチャーに対して適切に優先順位を設定するためには highPriorityGesture(_:isEnabled:) または simultaneousGesture(_:isEnabled:) を使用する必要があると示した
"Fixed: Popovers accessing environment objects outside of the content view might crash when isPresented = true on iOS, iPadOS, and Mac Catalyst. (156906038)",iOS、iPadOS、Mac Catalyst で isPresented=true のとき、ポップオーバーがコンテンツビュー外の環境オブジェクトにアクセスするとクラッシュする問題を修正した
SwiftUI – Known Issues,
"On iOS and iPadOS, inspector does not respect the width applied with inspectorColumnWidth. (145162377)",iOS と iPadOS で inspectorColumnWidth で指定した幅がインスペクタに反映されない
toolbarForegroundStyle no longer tints toolbar button labels on watchOS. (151487439),toolbarForegroundStyle が watchOS のツールバーのボタンラベルに色を付けなくなった
"On iOS and iPadOS, bordered prominent buttons in toolbars do not have the correct default padding or symbol metrics. (151792861)",iOS と iPadOS でツールバーの prominent な境界付きボタンにデフォルトのパディングやシンボルメトリクスが適用されない
.toolbarVisibility(_:for:) does not hide the navigation bar on watchOS. (152326250),toolbarVisibility(_:for:) が watchOS でナビゲーションバーを非表示にしない
SwiftUI – Deprecations,
Text concatenation using the + operator is deprecated because it makes it hard to create localized strings; use Text interpolation instead. (128144043),Text 文字列連結の + 演算子はローカライズされた文字列の生成が難しいため非推奨となり、Text 補間を使用することが推奨される
"On iOS and iPadOS, inspector columns do not present if the hierarchy does not contain a NavigationSplitView. (1456866228)",iOS と iPadOS で NavigationSplitView を含まない階層ではインスペクタの列が表示されない
"When using mobile apps against iOS 26 and iPadOS 26, inspector now requires navigation to display toolbar items in some cases; add a NavigationStack to your inspector content view if your app is affected. (1456866228)",iOS 26 や iPadOS 26 を対象とするアプリでは、インスペクタでツールバー項目を表示するのにナビゲーションが必要になる場合があるので、必要に応じて NavigationStack を追加する
TextKit – New Features,
"iOS 26, tvOS 26, visionOS 26, watchOS 26, and macOS Tahoe 26 have two methods for resolving natural alignment and justified last lines into left and right alignments. The first uses the UI language via NSParagraphStyle.defaultWritingDirection(forLanguage:). The second uses the base writing direction and can be selected via APIs like NSTextLayoutManager.resolvesNaturalAlignmentWithBaseWritingDirection, NSStringDrawingOptions.resolvesNaturalAlignmentWithBaseWritingDirection, UITextLayoutController.resolvesNaturalAlignmentWithBaseWritingDirection, and NSTextField.resolvesNaturalAlignmentWithBaseWritingDirection. (1052845248)",iOS 26、tvOS 26、visionOS 26、watchOS 26、macOS Tahoe 26 では、自然な整列や最終行の両端揃えを左寄せまたは右寄せに変換する方法が2つあり、1つ目は NSParagraphStyle.defaultWritingDirection(forLanguage:) を使って UI 言語に基づき、2つ目は基本書字方向を利用し、関連 API によって選択できる
TextKit – Resolved Issues,
"The directionality of NSParagraphStyle indentation properties (firstLineHeadIndent, headIndent, and tailIndent) was determined by inconsistent hidden rules. The TextKit 2 typesetting engine now uses the resolved writing direction for the paragraph only when using the OS 26 SDK. For apps built with prior SDK versions, UI components use the UI language to determine writing direction. (155893102)",NSParagraphStyle のインデントプロパティの方向性が不一致だった問題を修正し、TextKit 2 の組版エンジンでは段落の解決済み書字方向を利用し、旧 SDK でビルドされたアプリでは UI 言語に基づく方向性が使用される
TextKit 2 – New Features,
"A new property, includesTextListMarkers, is introduced to NSTextList, NSTextContents, and NSWritingToolsCoordinator. It controls whether to include the default list marker string in NSAttributedString contents. TextKit 1 expects the marker string while TextKit 2 does not; AppKit also adopts this behavior starting with macOS 26. (128479184)",NSTextList、NSTextContents、NSWritingToolsCoordinator に includesTextListMarkers プロパティが追加され、NSAttributedString の内容に既定のリストマーカー文字列を含めるかどうかを制御できる。TextKit 1 ではマーカーを含むが TextKit 2 では含まず、AppKit も macOS 26 からこの挙動に従う
Translation – Known Issues,
Downloading languages for translation might display incomplete indicators on the download screen resulting in translation features being unavailable. (148923322),翻訳用の言語をダウンロードする際、ダウンロード画面に不完全なインジケータが表示され、翻訳機能が利用できない場合がある
Workaround: Reboot the device.,デバイスを再起動すると解決する場合がある
UIKit – New Features,
"In TextKit 2, the includesTextListMarkers property has been introduced to NSTextList, NSTextContentStorage and UWritingToolsCoordinator. For paragraphs associated with NSTextList, the property controls whether to include the default list marker string in the NSAttributedString contents. The classes within TextKit 1 expect the marker string, while the classes within TextKit 2 do not. (144903432)",TextKit 2 では NSTextList、NSTextContentStorage、UWritingToolsCoordinator に includesTextListMarkers プロパティが追加され、NSTextList に関連する段落において NSAttributedString の内容に既定のリストマーカー文字列を含めるかを制御できる。TextKit 1 のクラスはマーカーを期待するが TextKit 2 のクラスはそうではない
UIKit – Known Issues,
"In apps using UIToolbar, the Search bar sometimes does not respond to taps and displays without the magnifying glass, dictation button, or placeholder text. (151126350)",UIToolbar を使っているアプリで、検索バーがタップや表示に応答せず、虫眼鏡やディクテーションボタン、プレースホルダテキストが表示されないことがある
"On iPhone only, the searchTextField property of a UISearchBar belonging to a UISearchController might not return the same instance when called at different times. (153550157)",iPhone では UISearchController の UISearchBar の searchTextField プロパティが時期によって異なるインスタンスを返すことがある
"In rare cases after launching an app on iPhone, unusual client code timing of assembling the navigation bar hierarchy might cause the search bar belonging to a view controller in a tab to disappear from the navigation bar when first switching to that tab. (156174227)",iPhone でアプリ起動後、ナビゲーションバーの階層の組み立てタイミングによっては、あるタブのビューコントローラに属する検索バーが最初にそのタブに切り替えたときにナビゲーションバーから消えることがある
"In rare cases, the layout calculation from a client’s layout constraint for their search controller can fail when presenting a UISearchController directly after building with the new SDK. This is due to removed internal constraints with the identifier UIView-Encapsulated-Layout-Width and UIView-Encapsulated-Layout-Height. (157208725)",新しい SDK でビルド後、UISearchController を直接表示すると検索コントローラのレイアウト計算が失敗することがある。内部の UIView-Encapsulated-Layout-Width と UIView-Encapsulated-Layout-Height 制約が削除されたためであり、既存の制約を検討して修正する必要がある
Deprecations,
"UIScreen.mainScreen has been changed from API_TO_BE_DEPRECATED to deprecated in iOS 26, tvOS 26, and visionOS 26. (142902390)",UIScreen.mainScreen は API_TO_BE_DEPRECATED から非推奨に変更された
Wallpapers – Known Issues,
Widgets might be missing on the previews of photo wallpapers in the gallery. (151464159),フォト壁紙のプレビューでウィジェットが欠けている場合がある
"After install or reboot, the default wallpaper might show as pink when the display dims or is on rotation. (1521119534)",インストールや再起動後、ディスプレイが暗くなったり回転しているとデフォルト壁紙がピンク色で表示されることがある
Some wallpapers specific to certain devices might be missing. (152284310),特定デバイス専用の壁紙が欠落している場合がある
Watch App – Known Issues,
Apple Watch apps with a MinimumOSVersion of watchOS 26 that have an iOS counterpart fail to install to the watch via the Watch app on iPhone. (153195856),watchOS 26 の MinimumOSVersion を持ち iOS 対応アプリがある Apple Watch アプリが iPhone の Watch アプリ経由でインストールできない
Workaround: Use Xcode to install the app directly to the watch.,対処方法：Xcode を使ってアプリを直接 Apple Watch にインストールする
Watch Faces – Known Issues,
Complications configured on watch faces might appear “Off” on the Watch app. (152324791),Watch フェイスに設定したコンプリケーションが Watch アプリ上では「オフ」と表示される場合がある
Workaround: Use Apple Watch directly to edit complications.,対処方法：Apple Watch で直接コンプリケーションを編集する
Weather – Resolved Issues,
Fixed: Users might see a blank white button on some tips for Weather features. The button will be operable. (152088799),天気アプリの一部のヒントに白いボタンが表示され操作できない問題を修正した
Web Apps – Resolved Issues,
"Fixed the “Add to Home Screen” flow failing to load webpage data, preventing users from making new Home Screen web apps. (154655565)",「ホーム画面に追加」フローでウェブページデータが読み込めず、新しいホーム画面 web アプリを作成できない問題を修正した
WebKit API – New Features,
"The load API on WebPage now returns an AsyncSequence directly that can be used to track relevant navigation events. The currentNavigationEvent property has been removed in favor of the navigations property, which produces an indefinite sequence directly. (152421425)",WebPage の load API はナビゲーションイベントを追跡するために利用できる AsyncSequence を直接返すようになり、currentNavigationEvent プロパティは削除され navigations プロパティが無限シーケンスを返すようになった
"The WebPage API now supports directly loading URLs. Additionally, when loading an HTML string, there is now a default value for the baseURL parameter. (152904248) (FB17850359)",WebPage API が URL を直接読み込むことをサポートし、さらに HTML 文字列を読み込む際の baseURL パラメータにデフォルト値が追加された
WebKit API – Resolved Issues,
Fixed: webView.onScrollGeometryChange might report an incorrect content size. (146567690),webView.onScrollGeometryChange が誤ったコンテンツサイズを報告する可能性がある問題を修正した
WebKit API – Known Issues,
WKPreferences.isLookToScrollEnabled is not available on non-visionOS platforms. (1521062377),WKPreferences.isLookToScrollEnabled は visionOS 以外のプラットフォームでは利用できない
Wi-Fi Aware – Resolved Issues,
Fixed: transmitLatency property of WAPerformanceReport might not report latency values. (1516283018),WAPerformanceReport の transmitLatency プロパティがレイテンシ値を報告しない場合がある問題を修正した
Fixed: Network connection to a paired device with an already-established connection might not succeed. (151873702),既に接続されているペアデバイスへのネットワーク接続が成功しない場合がある問題を修正した
Fixed: Wi-Fi connections might be terminated unexpectedly after 120 seconds. (152279075),Wi-Fi 接続が 120 秒後に予期せず切断される問題を修正した
Fixed: Connection tests attempted while browser is not running might fail. (152336071),ブラウザが起動していない状態で接続テストを行うと失敗する場合がある問題を修正した
Fixed: The isWiFiAware property for connection-related NWError objects will be nil. (153010140),接続関連の NWError オブジェクトの isWiFiAware プロパティが nil になる問題を修正した
Fixed: New connections to an endpoint after multiple connect and disconnect operations might not successfully reconnect. (153689457),複数回接続と切断を行った後に新しい接続が成功しない問題を修正した
Widgets – Known Issues,
"A select few widgets such as Batteries, Contacts, Files might have an incorrect UI treatment. (1454632734)",Batteries、Contacts、Files など一部のウィジェットで UI 処理が正しくない場合がある
Xcode – Resolved Issues,
"An issue causes a drop in on-screen and background termination metrics reported in Xcode Organizer and MetricKit, for iOS 18.4, 18.5, 18.6 and 18.7 users. As more users upgrade to iOS 26, the termination metrics will undergo self-correction. (145270174)",iOS 18.4、18.5、18.6、18.7 のユーザー向けに Xcode Organizer と MetricKit で報告される前面およびバックグラウンド終了指標が低下する問題があり、iOS 26 へのアップグレードが進むにつれて指標は自己補正される
